Season Start,Season End,Team,Salary,Salary w/ Inflation
2013,2014,Atlanta Hawks,"$58,998,677 ","$64,718,790 "
2011,2012,Atlanta Hawks,"$73,669,912 ","$83,598,545 "
2016,2017,Atlanta Hawks,"$96,315,163 ","$102,359,377 "
2017,2018,Atlanta Hawks,"$99,992,696 ","$104,559,718 "
2008,2009,Atlanta Hawks,"$68,168,841 ","$79,797,863 "
2012,2013,Atlanta Hawks,"$66,710,178 ","$74,461,791 "
2009,2010,Atlanta Hawks,"$65,883,642 ","$78,239,128 "
2014,2015,Atlanta Hawks,"$58,320,278 ","$62,675,759 "
2010,2011,Atlanta Hawks,"$71,469,843 ","$83,988,250 "
2015,2016,Atlanta Hawks,"$71,661,760 ","$76,918,414 "
2009,2010,Boston Celtics,"$83,552,174 ","$99,221,130 "
2015,2016,Boston Celtics,"$77,141,919 ","$82,800,561 "
2016,2017,Boston Celtics,"$93,465,326 ","$99,330,698 "
2010,2011,Boston Celtics,"$82,045,867 ","$96,416,732 "
2014,2015,Boston Celtics,"$62,218,516 ","$66,865,124 "
2013,2014,Boston Celtics,"$70,885,503 ","$77,758,083 "
2017,2018,Boston Celtics,"$115,284,776 ","$120,550,249 "
2012,2013,Boston Celtics,"$75,508,399 ","$84,282,350 "
2008,2009,Boston Celtics,"$79,188,973 ","$92,697,938 "
2011,2012,Boston Celtics,"$79,820,530 ","$90,578,092 "
2009,2010,Brooklyn Nets,"$59,366,715 ","$70,500,047 "
2013,2014,Brooklyn Nets,"$102,589,967 ","$112,536,402 "
2010,2011,Brooklyn Nets,"$58,495,989 ","$68,741,936 "
2015,2016,Brooklyn Nets,"$80,258,302 ","$86,145,542 "
2012,2013,Brooklyn Nets,"$87,644,649 ","$97,828,818 "
2014,2015,Brooklyn Nets,"$87,817,289 ","$94,375,678 "
2008,2009,Brooklyn Nets,"$62,666,523 ","$73,356,896 "
2011,2012,Brooklyn Nets,"$65,281,235 ","$74,079,304 "
2016,2017,Brooklyn Nets,"$82,391,482 ","$87,561,919 "
2017,2018,Brooklyn Nets,"$95,475,397 ","$99,836,100 "
2016,2017,Charlotte Bobcats,"$103,054,004 ","$109,521,112 "
2013,2014,Charlotte Bobcats,"$60,395,651 ","$66,251,205 "
2010,2011,Charlotte Bobcats,"$66,542,696 ","$78,198,077 "
2014,2015,Charlotte Bobcats,"$66,792,937 ","$71,781,177 "
2012,2013,Charlotte Bobcats,"$58,122,566 ","$64,876,315 "
2009,2010,Charlotte Bobcats,"$68,681,758 ","$81,561,990 "
2017,2018,Charlotte Bobcats,"$117,382,664 ","$122,743,957 "
2015,2016,Charlotte Bobcats,"$76,860,006 ","$82,497,971 "
2008,2009,Charlotte Bobcats,"$62,866,926 ","$73,591,487 "
2011,2012,Charlotte Bobcats,"$57,902,024 ","$65,705,585 "
2017,2018,Chicago Bulls,"$90,466,801 ","$94,598,740 "
2011,2012,Chicago Bulls,"$69,548,447 ","$78,921,621 "
2008,2009,Chicago Bulls,"$68,126,774 ","$79,748,621 "
2009,2010,Chicago Bulls,"$69,700,359 ","$82,771,612 "
2015,2016,Chicago Bulls,"$87,073,838 ","$93,461,027 "
2010,2011,Chicago Bulls,"$54,538,076 ","$64,090,771 "
2014,2015,Chicago Bulls,"$67,414,682 ","$72,449,358 "
2016,2017,Chicago Bulls,"$92,522,306 ","$98,328,502 "
2013,2014,Chicago Bulls,"$73,336,893 ","$80,447,143 "
2012,2013,Chicago Bulls,"$74,491,280 ","$83,147,049 "
2014,2015,Cleveland Cavaliers,"$82,592,827 ","$88,761,039 "
2016,2017,Cleveland Cavaliers,"$128,522,489 ","$136,587,864 "
2013,2014,Cleveland Cavaliers,"$66,654,061 ","$73,116,388 "
2010,2011,Cleveland Cavaliers,"$53,990,021 ","$63,446,718 "
2012,2013,Cleveland Cavaliers,"$54,472,190 ","$60,801,765 "
2008,2009,Cleveland Cavaliers,"$91,298,233 ","$106,872,938 "
2015,2016,Cleveland Cavaliers,"$108,300,458 ","$116,244,698 "
2017,2018,Cleveland Cavaliers,"$137,722,926 ","$144,013,233 "
2009,2010,Cleveland Cavaliers,"$83,398,534 ","$99,038,674 "
2011,2012,Cleveland Cavaliers,"$64,875,599 ","$73,619,002 "
2013,2014,Dallas Mavericks,"$75,012,158 ","$82,284,830 "
2008,2009,Dallas Mavericks,"$95,045,559 ","$111,259,524 "
2011,2012,Dallas Mavericks,"$77,180,233 ","$87,581,958 "
2012,2013,Dallas Mavericks,"$69,766,571 ","$77,873,331 "
2017,2018,Dallas Mavericks,"$85,440,245 ","$89,342,606 "
2014,2015,Dallas Mavericks,"$84,820,225 ","$91,154,782 "
2015,2016,Dallas Mavericks,"$75,397,067 ","$80,927,720 "
2010,2011,Dallas Mavericks,"$85,409,890 ","$100,369,985 "
2009,2010,Dallas Mavericks,"$88,916,075 ","$105,590,950 "
2016,2017,Dallas Mavericks,"$102,354,966 ","$108,778,205 "
2008,2009,Denver Nuggets,"$70,121,003 ","$82,083,050 "
2012,2013,Denver Nuggets,"$63,444,254 ","$70,816,373 "
2014,2015,Denver Nuggets,"$56,820,307 ","$61,063,768 "
2015,2016,Denver Nuggets,"$72,589,023 ","$77,913,691 "
2017,2018,Denver Nuggets,"$107,543,599 ","$112,455,503 "
2016,2017,Denver Nuggets,"$83,836,460 ","$89,097,579 "
2009,2010,Denver Nuggets,"$74,935,538 ","$88,988,573 "
2011,2012,Denver Nuggets,"$58,553,173 ","$66,444,493 "
2013,2014,Denver Nuggets,"$65,782,065 ","$72,159,850 "
2010,2011,Denver Nuggets,"$68,019,290 ","$79,933,307 "
2009,2010,Detroit Pistons,"$60,185,833 ","$71,472,780 "
2011,2012,Detroit Pistons,"$70,923,605 ","$80,482,110 "
2017,2018,Detroit Pistons,"$119,773,191 ","$125,243,666 "
2010,2011,Detroit Pistons,"$65,517,821 ","$76,993,690 "
2008,2009,Detroit Pistons,"$71,434,174 ","$83,620,237 "
2013,2014,Detroit Pistons,"$62,387,432 ","$68,436,097 "
2016,2017,Detroit Pistons,"$106,492,988 ","$113,175,909 "
2015,2016,Detroit Pistons,"$77,256,014 ","$82,923,025 "
2012,2013,Detroit Pistons,"$68,807,497 ","$76,802,817 "
2014,2015,Detroit Pistons,"$67,410,675 ","$72,445,049 "
2016,2017,Golden State Warriors,"$101,584,835 ","$107,959,743 "
2011,2012,Golden State Warriors,"$61,576,901 ","$69,875,734 "
2015,2016,Golden State Warriors,"$93,669,566 ","$100,540,577 "
2008,2009,Golden State Warriors,"$67,416,431 ","$78,917,097 "
2009,2010,Golden State Warriors,"$65,352,372 ","$77,608,224 "
2013,2014,Golden State Warriors,"$72,503,122 ","$79,532,534 "
2010,2011,Golden State Warriors,"$68,415,336 ","$80,398,723 "
2014,2015,Golden State Warriors,"$73,611,166 ","$79,108,608 "
2017,2018,Golden State Warriors,"$137,610,134 ","$143,895,289 "
2012,2013,Golden State Warriors,"$70,036,985 ","$78,175,171 "
2015,2016,Houston Rockets,"$87,504,058 ","$93,922,804 "
2016,2017,Houston Rockets,"$90,956,067 ","$96,663,975 "
2011,2012,Houston Rockets,"$57,021,755 ","$64,706,681 "
2017,2018,Houston Rockets,"$119,905,532 ","$125,382,049 "
2014,2015,Houston Rockets,"$76,849,302 ","$82,588,574 "
2013,2014,Houston Rockets,"$57,823,063 ","$63,429,195 "
2012,2013,Houston Rockets,"$48,048,265 ","$53,631,389 "
2010,2011,Houston Rockets,"$72,315,654 ","$84,982,206 "
2008,2009,Houston Rockets,"$73,302,272 ","$85,807,014 "
2009,2010,Houston Rockets,"$69,095,315 ","$82,053,099 "
2012,2013,Indiana Pacers,"$66,107,195 ","$73,788,745 "
2008,2009,Indiana Pacers,"$69,668,818 ","$81,553,724 "
2010,2011,Indiana Pacers,"$65,088,630 ","$76,489,322 "
2014,2015,Indiana Pacers,"$74,793,526 ","$80,379,271 "
2016,2017,Indiana Pacers,"$90,279,072 ","$95,944,493 "
2015,2016,Indiana Pacers,"$71,605,233 ","$76,857,739 "
2009,2010,Indiana Pacers,"$66,733,257 ","$79,248,074 "
2011,2012,Indiana Pacers,"$51,554,083 ","$58,502,121 "
2013,2014,Indiana Pacers,"$67,182,414 ","$73,695,967 "
2017,2018,Indiana Pacers,"$95,271,736 ","$99,623,136 "
2009,2010,Los Angeles Clippers,"$61,616,409 ","$73,171,636 "
2008,2009,Los Angeles Clippers,"$62,764,206 ","$73,471,242 "
2015,2016,Los Angeles Clippers,"$97,019,321 ","$104,136,046 "
2014,2015,Los Angeles Clippers,"$85,259,447 ","$91,626,808 "
2011,2012,Los Angeles Clippers,"$67,333,389 ","$76,408,033 "
2016,2017,Los Angeles Clippers,"$114,756,766 ","$121,958,281 "
2013,2014,Los Angeles Clippers,"$73,049,774 ","$80,132,187 "
2012,2013,Los Angeles Clippers,"$69,152,721 ","$77,188,154 "
2017,2018,Los Angeles Clippers,"$119,093,010 ","$124,532,419 "
2010,2011,Los Angeles Clippers,"$53,225,329 ","$62,548,088 "
2010,2011,Los Angeles Lakers,"$91,428,140 ","$107,442,371 "
2009,2010,Los Angeles Lakers,"$91,378,064 ","$108,514,646 "
2017,2018,Los Angeles Lakers,"$103,126,557 ","$107,836,717 "
2015,2016,Los Angeles Lakers,"$72,694,352 ","$78,026,750 "
2011,2012,Los Angeles Lakers,"$88,264,478 ","$100,160,046 "
2008,2009,Los Angeles Lakers,"$78,245,793 ","$91,593,858 "
2016,2017,Los Angeles Lakers,"$94,781,848 ","$100,729,840 "
2012,2013,Los Angeles Lakers,"$100,131,988 ","$111,767,168 "
2013,2014,Los Angeles Lakers,"$77,423,614 ","$84,930,083 "
2014,2015,Los Angeles Lakers,"$77,546,500 ","$83,337,839 "
2013,2014,Memphis Grizzlies,"$71,992,885 ","$78,972,831 "
2010,2011,Memphis Grizzlies,"$70,241,344 ","$82,544,566 "
2015,2016,Memphis Grizzlies,"$83,223,881 ","$89,328,654 "
2012,2013,Memphis Grizzlies,"$63,054,115 ","$70,380,900 "
2014,2015,Memphis Grizzlies,"$75,158,730 ","$80,771,746 "
2011,2012,Memphis Grizzlies,"$70,628,007 ","$80,146,672 "
2009,2010,Memphis Grizzlies,"$57,287,474 ","$68,030,871 "
2017,2018,Memphis Grizzlies,"$110,700,149 ","$115,756,221 "
2008,2009,Memphis Grizzlies,"$55,958,148 ","$65,504,128 "
2016,2017,Memphis Grizzlies,"$110,083,520 ","$116,991,763 "
2017,2018,Miami Heat,"$133,624,374 ","$139,727,484 "
2012,2013,Miami Heat,"$80,427,933 ","$89,773,532 "
2016,2017,Miami Heat,"$100,740,770 ","$107,062,710 "
2011,2012,Miami Heat,"$75,469,639 ","$85,640,823 "
2010,2011,Miami Heat,"$66,205,855 ","$77,802,235 "
2015,2016,Miami Heat,"$85,764,781 ","$92,055,943 "
2013,2014,Miami Heat,"$80,841,617 ","$88,679,476 "
2008,2009,Miami Heat,"$70,297,059 ","$82,289,138 "
2014,2015,Miami Heat,"$75,813,041 ","$81,474,926 "
2009,2010,Miami Heat,"$74,208,013 ","$88,124,608 "
2013,2014,Milwaukee Bucks,"$54,400,846 ","$59,675,181 "
2015,2016,Milwaukee Bucks,"$73,843,541 ","$79,260,236 "
2014,2015,Milwaukee Bucks,"$54,473,275 ","$58,541,453 "
2016,2017,Milwaukee Bucks,"$96,245,877 ","$102,285,744 "
2009,2010,Milwaukee Bucks,"$66,775,602 ","$79,298,360 "
2010,2011,Milwaukee Bucks,"$69,076,690 ","$81,175,915 "
2012,2013,Milwaukee Bucks,"$62,410,041 ","$69,661,986 "
2011,2012,Milwaukee Bucks,"$60,192,388 ","$68,304,625 "
2017,2018,Milwaukee Bucks,"$120,521,249 ","$126,025,887 "
2008,2009,Milwaukee Bucks,"$71,360,656 ","$83,534,178 "
2010,2011,Minnesota Timberwolves,"$53,461,123 ","$62,825,180 "
2013,2014,Minnesota Timberwolves,"$68,564,040 ","$75,211,546 "
2011,2012,Minnesota Timberwolves,"$56,844,339 ","$64,505,355 "
2016,2017,Minnesota Timberwolves,"$83,527,580 ","$88,769,315 "
2015,2016,Minnesota Timberwolves,"$72,287,243 ","$77,589,778 "
2017,2018,Minnesota Timberwolves,"$116,075,131 ","$121,376,702 "
2009,2010,Minnesota Timberwolves,"$62,253,360 ","$73,928,037 "
2008,2009,Minnesota Timberwolves,"$66,445,144 ","$77,780,119 "
2014,2015,Minnesota Timberwolves,"$69,378,954 ","$74,560,321 "
2012,2013,Minnesota Timberwolves,"$64,329,748 ","$71,804,760 "
2013,2014,New Orleans Hornets,"$67,358,651 ","$73,889,290 "
2011,2012,New Orleans Hornets,"$65,441,008 ","$74,260,613 "
2015,2016,New Orleans Hornets,"$83,709,371 ","$89,849,758 "
2009,2010,New Orleans Hornets,"$70,163,827 ","$83,321,997 "
2017,2018,New Orleans Hornets,"$120,814,452 ","$126,332,484 "
2014,2015,New Orleans Hornets,"$80,012,866 ","$85,988,398 "
2012,2013,New Orleans Hornets,"$64,134,537 ","$71,586,865 "
2008,2009,New Orleans Hornets,"$67,530,808 ","$79,050,989 "
2010,2011,New Orleans Hornets,"$68,230,729 ","$80,181,781 "
2016,2017,New Orleans Hornets,"$101,616,451 ","$107,993,343 "
2009,2010,New York Knicks,"$85,710,076 ","$101,783,713 "
2012,2013,New York Knicks,"$79,977,119 ","$89,270,334 "
2011,2012,New York Knicks,"$77,093,212 ","$87,483,210 "
2010,2011,New York Knicks,"$67,016,562 ","$78,754,945 "
2017,2018,New York Knicks,"$105,403,130 ","$110,217,272 "
2008,2009,New York Knicks,"$96,643,646 ","$113,130,233 "
2013,2014,New York Knicks,"$89,072,787 ","$97,708,684 "
2014,2015,New York Knicks,"$81,369,219 ","$87,446,049 "
2015,2016,New York Knicks,"$74,237,021 ","$79,682,579 "
2016,2017,New York Knicks,"$102,593,418 ","$109,031,624 "
2015,2016,Oklahoma City Thunder,"$95,708,387 ","$102,728,953 "
2013,2014,Oklahoma City Thunder,"$71,653,401 ","$78,600,431 "
2011,2012,Oklahoma City Thunder,"$59,501,709 ","$67,520,863 "
2016,2017,Oklahoma City Thunder,"$91,230,089 ","$96,955,191 "
2008,2009,Oklahoma City Thunder,"$68,341,605 ","$80,000,097 "
2017,2018,Oklahoma City Thunder,"$134,534,640 ","$140,679,326 "
2010,2011,Oklahoma City Thunder,"$55,922,488 ","$65,717,669 "
2012,2013,Oklahoma City Thunder,"$68,924,100 ","$76,932,970 "
2009,2010,Oklahoma City Thunder,"$58,578,614 ","$69,564,148 "
2014,2015,Oklahoma City Thunder,"$80,408,520 ","$86,413,604 "
2014,2015,Orlando Magic,"$59,629,210 ","$64,082,446 "
2016,2017,Orlando Magic,"$104,096,951 ","$110,629,512 "
2008,2009,Orlando Magic,"$69,672,979 ","$81,558,597 "
2017,2018,Orlando Magic,"$98,700,258 ","$103,208,254 "
2009,2010,Orlando Magic,"$82,200,916 ","$97,616,464 "
2012,2013,Orlando Magic,"$66,557,496 ","$74,291,370 "
2015,2016,Orlando Magic,"$63,199,651 ","$67,835,576 "
2013,2014,Orlando Magic,"$56,948,031 ","$62,469,324 "
2011,2012,Orlando Magic,"$87,955,505 ","$99,809,433 "
2010,2011,Orlando Magic,"$90,770,804 ","$106,669,901 "
2017,2018,Philadelphia 76ers,"$100,797,386 ","$105,401,164 "
2016,2017,Philadelphia 76ers,"$84,775,343 ","$90,095,374 "
2008,2009,Philadelphia 76ers,"$68,301,007 ","$79,952,578 "
2015,2016,Philadelphia 76ers,"$64,583,220 ","$69,320,632 "
2011,2012,Philadelphia 76ers,"$66,672,368 ","$75,657,929 "
2012,2013,Philadelphia 76ers,"$66,697,839 ","$74,448,020 "
2013,2014,Philadelphia 76ers,"$51,741,312 ","$56,757,794 "
2009,2010,Philadelphia 76ers,"$64,883,448 ","$77,051,362 "
2014,2015,Philadelphia 76ers,"$54,355,571 ","$58,414,953 "
2010,2011,Philadelphia 76ers,"$68,915,246 ","$80,986,195 "
2013,2014,Phoenix Suns,"$55,569,468 ","$60,957,107 "
2016,2017,Phoenix Suns,"$89,754,590 ","$95,387,098 "
2009,2010,Phoenix Suns,"$65,288,544 ","$77,532,428 "
2015,2016,Phoenix Suns,"$68,095,365 ","$73,090,409 "
2012,2013,Phoenix Suns,"$54,196,264 ","$60,493,782 "
2014,2015,Phoenix Suns,"$58,018,672 ","$62,351,628 "
2011,2012,Phoenix Suns,"$80,640,576 ","$91,508,654 "
2017,2018,Phoenix Suns,"$92,684,083 ","$96,917,295 "
2008,2009,Phoenix Suns,"$76,130,408 ","$89,117,609 "
2010,2011,Phoenix Suns,"$65,979,054 ","$77,535,711 "
2009,2010,Portland Trail Blazers,"$56,946,258 ","$67,625,668 "
2013,2014,Portland Trail Blazers,"$61,260,350 ","$67,199,740 "
2010,2011,Portland Trail Blazers,"$74,584,058 ","$87,647,938 "
2015,2016,Portland Trail Blazers,"$61,685,814 ","$66,210,692 "
2016,2017,Portland Trail Blazers,"$119,732,234 ","$127,245,980 "
2014,2015,Portland Trail Blazers,"$69,936,842 ","$75,159,876 "
2008,2009,Portland Trail Blazers,"$80,260,059 ","$93,951,741 "
2011,2012,Portland Trail Blazers,"$80,920,717 ","$91,826,552 "
2012,2013,Portland Trail Blazers,"$59,442,596 ","$66,349,730 "
2017,2018,Portland Trail Blazers,"$118,708,146 ","$124,129,975 "
2012,2013,Sacramento Kings,"$54,421,935 ","$60,745,677 "
2016,2017,Sacramento Kings,"$95,596,327 ","$101,595,433 "
2013,2014,Sacramento Kings,"$59,174,155 ","$64,911,282 "
2008,2009,Sacramento Kings,"$69,204,512 ","$81,010,212 "
2010,2011,Sacramento Kings,"$45,268,465 ","$53,197,524 "
2017,2018,Sacramento Kings,"$99,587,185 ","$104,135,688 "
2014,2015,Sacramento Kings,"$73,379,071 ","$78,859,179 "
2009,2010,Sacramento Kings,"$67,515,718 ","$80,177,273 "
2015,2016,Sacramento Kings,"$70,610,560 ","$75,790,104 "
2011,2012,Sacramento Kings,"$48,950,236 ","$55,547,347 "
2014,2015,San Antonio Spurs,"$70,770,209 ","$76,055,480 "
2012,2013,San Antonio Spurs,"$69,838,600 ","$77,953,731 "
2017,2018,San Antonio Spurs,"$114,633,844 ","$119,869,587 "
2015,2016,San Antonio Spurs,"$87,832,839 ","$94,275,703 "
2016,2017,San Antonio Spurs,"$112,017,779 ","$119,047,406 "
2009,2010,San Antonio Spurs,"$79,338,309 ","$94,217,014 "
2010,2011,San Antonio Spurs,"$69,522,311 ","$81,699,592 "
2013,2014,San Antonio Spurs,"$63,115,911 ","$69,235,205 "
2008,2009,San Antonio Spurs,"$68,020,487 ","$79,624,200 "
2011,2012,San Antonio Spurs,"$73,732,762 ","$83,669,865 "
2016,2017,Toronto Raptors,"$108,599,970 ","$115,415,114 "
2013,2014,Toronto Raptors,"$71,561,643 ","$78,499,777 "
2015,2016,Toronto Raptors,"$71,591,189 ","$76,842,665 "
2010,2011,Toronto Raptors,"$69,992,648 ","$82,252,310 "
2009,2010,Toronto Raptors,"$67,822,433 ","$80,541,508 "
2008,2009,Toronto Raptors,"$73,446,970 ","$85,976,400 "
2012,2013,Toronto Raptors,"$63,708,138 ","$71,110,922 "
2014,2015,Toronto Raptors,"$81,317,963 ","$87,390,965 "
2017,2018,Toronto Raptors,"$116,929,373 ","$122,269,961 "
2011,2012,Toronto Raptors,"$55,063,049 ","$62,483,997 "
2017,2018,Utah Jazz,"$105,606,838 ","$110,430,283 "
2011,2012,Utah Jazz,"$58,178,016 ","$66,018,776 "
2014,2015,Utah Jazz,"$60,847,538 ","$65,391,761 "
2010,2011,Utah Jazz,"$75,855,296 ","$89,141,843 "
2009,2010,Utah Jazz,"$71,905,244 ","$85,389,991 "
2015,2016,Utah Jazz,"$63,608,425 ","$68,274,335 "
2016,2017,Utah Jazz,"$80,138,192 ","$85,167,228 "
2013,2014,Utah Jazz,"$56,911,999 ","$62,429,802 "
2008,2009,Utah Jazz,"$65,841,407 ","$77,073,389 "
2012,2013,Utah Jazz,"$65,657,569 ","$73,286,873 "
2015,2016,Washington Wizards,"$85,055,155 ","$91,294,262 "
2014,2015,Washington Wizards,"$73,372,974 ","$78,852,628 "
2016,2017,Washington Wizards,"$104,016,580 ","$110,544,093 "
2008,2009,Washington Wizards,"$70,743,317 ","$82,811,524 "
2009,2010,Washington Wizards,"$73,440,274 ","$87,212,893 "
2010,2011,Washington Wizards,"$58,324,988 ","$68,540,981 "
2017,2018,Washington Wizards,"$123,306,396 ","$128,938,245 "
2012,2013,Washington Wizards,"$59,715,539 ","$66,654,386 "
2011,2012,Washington Wizards,"$55,386,345 ","$62,850,863 "
2013,2014,Washington Wizards,"$64,698,822 ","$70,971,580 "
